,contributor_name,counts
0,fchollet,2440
1,farizrahman4u,209
2,qlzh727,206
3,taehoonlee,163
4,tensorflower-gardener,142
5,gabrieldemarmiesse,132
6,ozabluda,107
7,maxpumperla,66
8,mattdangerw,65
9,EderSantana,65
10,phreeza,62
11,wxs,53
12,rchao,42
13,Dref360,39
14,the-moliver,37
15,pavithrasv,36
16,nzw0301,35
17,haifeng-jin,34
18,matsuyamax,32
19,tdhd,30
20,abhaikollara,29
21,jfsantos,26
22,adriangb,25
23,myutwo150,24
24,ahundt,24
25,WingsBrokenAngel,21
26,yanboliang,21
27,joosephook,19
28,chenmoneygithub,19
29,fuzzythecat,18
30,gvtulder,17
31,tleeuwenburg,17
32,staticskies,17
33,LukeWood,16
34,tomerk,16
35,tboquet,16
36,olegsinavski,15
37,lukedeo,15
38,carlthome,15
39,jihobak,14
40,yaringal,14
41,krishrustagi,14
42,jeammimi,13
43,Danielhiversen,13
44,sebastian-sz,13
45,joelthchao,13
46,kemaswill,12
47,tristandeleu,12
48,gw0,12
49,kashif,12
50,kouml,11
51,souptc,11
52,Joshua-Chin,11
53,keunwoochoi,11
54,k-w-w,11
55,julienr,11
56,bzamecnik,11
57,henry0312,11
58,dbonadiman,10
59,edloper,10
60,arubiales,10
61,bstriner,10
62,Julien Rebetez,10
63,patyork,9
64,datumbox,9
65,neggert,9
66,Amit Beka,9
67,Smerity,9
68,vzhong,9
69,cmyr,8
70,ddrakard,8
71,ghostplant,8
72,mkaze,8
73,hgaiser,8
74,kuza55,8
75,jdwittenauer,8
76,jnphilipp,8
77,kilotaras,8
78,bhack,8
79,RaphaelMeudec,8
80,vkk800,8
81,angeloskath,7
82,pcish,7
83,matt-gardner,7
84,dolaameng,7
85,kylemcdonald,7
86,Monica Song,7
87,mynameisfiber,7
88,berleon,7
89,stephenbalaban,7
90,danFromTelAviv,7
91,DingKe,7
92,jramapuram,7
93,rodrigob,6
94,kenterao,6
95,jeffzhengye,6
96,cclauss,6
97,yashk2810,6
98,braingineer,6
99,mthrok,6
100,icyblade,6
101,fredtony,6
102,masstomato,6
103,Brendan Dwyer,6
104,harupy,6
105,ageron,6
106,jvishnuvardhan,6
107,gokceneraslan,6
108,andhus,5
109,Reddine,5
110,untom,5
111,luthfianto,5
112,dansbecker,5
113,yukoba,5
114,linxihui,5
115,caisq,5
116,grahamannett,5
117,ns,5
118,ishark,5
119,ymodak,5
120,rushter,5
121,nicolewhite,5
122,stephenroller,4
123,jacquerie,4
124,ramananbalakrishnan,4
125,Charles-Emmanuel,4
126,jmhessel,4
127,kli-casia,4
128,wassname,4
129,frexvahi,4
130,PeterChe1990,4
131,viirya,4
132,europeanplaice,4
133,cocuh,4
134,ckkuang,4
135,nagadomi,4
136,roatienza,4
137,SamuelMarks,4
138,SimonSuster,4
139,SriRangaTarun,4
140,StefanoCappellini,4
141,Yorwba,4
142,ozancaglayan,4
143,yongzx,4
144,AdityaKane2001,4
145,alvations,4
146,anayebi,4
147,Naruu,4
148,awentzonline,4
149,basveeling,4
150,titu1994,4
151,minkooseo,4
152,mezzode,4
153,floydwch,3
154,Xingdi (Eric) Yuan,3
155,DLPerf,3
156,javidcf,3
157,wb14123,3
158,jarfo,3
159,Mikael Rousson,3
160,dieuwkehupkes,3
161,ziky90,3
162,udibr,3
163,Mike Henry,3
164,TimZaman,3
165,Cheng Guo,3
166,embr,3
167,vinhill,3
168,yang-zhang,3
169,abhinavsagar,3
170,abishekk92,3
171,ericwu09,3
172,vchernobyl,3
173,eulerreich,3
174,MarkDaoust,3
175,charlesollion,3
176,bojone,3
177,Bharat123rox,3
178,MoyanZitto,3
179,fsx950223,3
180,reedwm,3
181,mikael-epigram,3
182,mohanson,3
183,nouiz,3
184,rvinas,3
185,nehz,3
186,srjoglekar246,3
187,oeway,3
188,old-school-kid,3
189,knightXun,3
190,stas-sl,3
191,kencoken,3
192,smauq,3
193,karlhigley,3
194,slowy07,3
195,robertomest,3
196,t-ae,3
197,pasky,3
198,sklan,3
199,JXRiver,3
200,qqfish,3
201,sfreilich,3
202,jorgecarleitao,3
203,pranv,3
204,mfidabel,3
205,pjadzinsky,3
206,mbatchkarov,3
207,sadreamer,2
208,ashutosh1919,2
209,avn3r,2
210,nfelt,2
211,barvinograd,2
212,yhenon,2
213,bonlime,2
214,bbabenko,2
215,bryant1410,2
216,briannemsick,2
217,bchu,2
218,sanatmpa1,2
219,bottydim,2
220,moutai,2
221,ynqa,2
222,moustaki,2
223,nigeljyng,2
224,td2014,2
225,arodiss,2
226,yxonic,2
227,Rishit-dagli,2
228,Rompei,2
229,pstjohn,2
230,SeverinAlexB,2
231,Shaofanl,2
232,SimonMWarren,2
233,pokey,2
234,SnehaNB,2
235,Spotlight0xff,2
236,piperchester,2
237,StefanoD,2
238,rollingstone,2
239,antonmbk,2
240,rthadur,2
241,osh,2
242,omalleyt12,2
243,achalshah20,2
244,obilaniu,2
245,alanyee,2
246,mjdietzx,2
247,amogh7joshi,2
248,nithishdivakar,2
249,nisargjhaveri,2
250,anjishnu,2
251,alok,2
252,chenb67,2
253,mjacquem1,2
254,eyalzk,2
255,stanpcf,2
256,felixlaumon,2
257,flomlo,2
258,kmader,2
259,kkimdev,2
260,staticfloat,2
261,gewoonrik,2
262,ghisvail,2
263,valtron,2
264,stonebig,2
265,sumitgouthaman,2
266,jsaporta,2
267,jrbourbeau,2
268,jpeg729,2
269,joshloyal,2
270,heytitle,2
271,tzachar,2
272,ipod825,2
273,t-vi,2
274,jackd,2
275,joeyearsley,2
276,tanzhenyu,2
277,jjallaire,2
278,jayanthkoushik,2
279,jcuypers,2
280,faroit,2
281,somewacko,2
282,meberstein,2
283,leereeves,2
284,cemsina,2
285,tarun-bisht,2
286,xuhdev,2
287,chsasank,2
288,cky9301,2
289,woozzu,2
290,crccw,2
291,crowsonkb,2
292,luoch,2
293,lunardog,2
294,lukovkin,2
295,wangpengmit,2
296,dgorissen,2
297,lukeyeager,2
298,smgt,2
299,drauh,2
300,dstine,2
301,easyas314159,2
302,ebatuhankaynak,2
303,lucasmoura,2
304,eltronix,2
305,lucasdavid,2
306,linjinjin123,2
307,erilyth,2
308,leondgarse,2
309,01-vyom,2
310,abrad1212,2
311,Matt,2
312,MalcolmSlaney,2
313,DachuanZhao,2
314,Dapid,2
315,David McInnis,2
316,Francois Chollet,2
317,Denny-Hwang,2
318,Leoyzen,2
319,Llamrei,2
320,BoboTiG,2
321,N-McA,2
322,HarikrishnanBalagopal,2
323,Heath Henley,2
324,ArdalanM,2
325,Ken Terao,2
326,NickShahML,2
327,Junyoung Kim,2
328,Matthew Peters,2
329,Hiroya Chiba,2
330,Ending2015a,2
331,AndreiCostinescu,2
332,JustLou,2
333,MartinThoma,2
334,EdwardRaff,2
335,Jiří Novotný,1
336,krizp,1
337,Jiyuan Qian,1
338,kykim0,1
339,Julien Phalip,1
340,Jurim Lee,1
341,konstantinbarkalov,1
342,Jesper Henrichsen,1
343,lance6716,1
344,lebavarois,1
345,Jeremy Heffner,1
346,Jiří Vahala,1
347,Johan Ahlqvist,1
348,Joe Yue-Hei Ng,1
349,Junqin Zhang,1
350,Jun Kim,1
351,jussihuotari,1
352,Junnosuke Kuroda,1
353,Joshua Mayers,1
354,Joseph Jin-Chuan Tang,1
355,Jonathan Mitchell,1
356,lenjoy,1
357,karimpedia,1
358,Jon Staryuk,1
359,John B Nelson,1
360,Johannes Schönberger,1
361,Johannes Ballé,1
362,Johan Pauwels,1
363,jrao1,1
364,Jonathan DEKHTIAR,1
365,lorenzoritter,1
366,Jeremy Fix,1
367,Jaivarsan,1
368,matthewmok,1
369,Ivan Sosnovik,1
370,Ivan Anisimov,1
371,Israel Gilyadov,1
372,melentye,1
373,Ioannis Filippidis,1
374,Inkln,1
375,mihirparadkar,1
376,Indy M,1
377,Ilya Kulikov,1
378,mittagessen,1
379,mizdler,1
380,Ilya Ivanov,1
381,Ilayaraja,1
382,Igor Macedo Quintanilha,1
383,Håkon,1
384,mohsen,1
385,Jacek Karwowski,1
386,Jake Becker,1
387,Jeffery Ye,1
388,mat kelcey,1
389,Jedrek Fulara,1
390,llcao,1
391,Jérémie,1
392,Jaye,1
393,Jay Joshi,1
394,JasonTam,1
395,Jason Yosinski,1
396,Jason Ramapuram,1
397,Jan Wilken Dörrie,1
398,Jan Stypka,1
399,Jan,1
400,m-mohsen,1
401,mamrehn,1
402,manashty,1
403,manelbaradad,1
404,marczellm,1
405,James Hinshelwood,1
406,Justin Tunis,1
407,jlopezpena,1
408,Kai Sasaki,1
409,gyjelinek,1
410,forsythd,1
411,Luigi Giugliano,1
412,Lucas Hu,1
413,LorenaPoenaru,1
414,ftence,1
415,ftesser,1
416,Liz Decolvenaere,1
417,geb,1
418,Lior Magen,1
419,Lilian Besson,1
420,giorgiop,1
421,githubnemo,1
422,glowzbd,1
423,Leonhard Feiner,1
424,Leonardo Taccari,1
425,guillesanbri,1
426,Laurent Gautier,1
427,Lutz Roeder,1
428,M.Yasoob Ullah Khalid ☺,1
429,fgaim,1
430,entron,1
431,Mats Julian Olsen,1
432,Maruan,1
433,ekerazha,1
434,Martin Humphreys,1
435,Martin Hallén,1
436,enizhibitsky,1
437,enkait,1
438,Martin,1
439,feynman,1
440,Martijn Courteaux,1
441,Marko Jocić,1
442,Mark McDonald,1
443,Marco - Andrea Buchmann,1
444,Maksym Kysylov,1
445,Maarten de Vries,1
446,MPiecuch,1
447,Larissa Heinrich,1
448,hadifar,1
449,Kamil A. Kaczmarek,1
450,Lai Wei,1
451,Kilian Evang,1
452,"Kian-Meng, Ang",1
453,Kevin Wang,1
454,Kevin Bache,1
455,Keras Team,1
456,Kenny John Jacob,1
457,jeongjoonsup,1
458,jialing3,1
459,Ken Franko,1
460,jingzhehu,1
461,Keith Battocchi,1
462,jkleint,1
463,jlherren,1
464,Hussain Karimi,1
465,Katherine Wu,1
466,Karel Ha,1
467,Kamil Sindi,1
468,Kirill Vechera,1
469,jakeleeme,1
470,jake,1
471,huyu,1
472,happygds,1
473,LI YUXIN,1
474,hellcodes,1
475,KyotoSunshine,1
476,hevensun,1
477,Kyle Dorman,1
478,KuzMenachem,1
479,iampat,1
480,Kittinan,1
481,ibrahim5253,1
482,Kumaran Rajendhiran,1
483,iddober,1
484,Kumar Ayush,1
485,Kostas,1
486,iskandr,1
487,Kongsea,1
488,moi90,1
489,nagachika,1
490,Hongkun Yu,1
491,sukolsak,1
492,sunil-at-gh,1
493,Diogo Ferreira,1
494,Diogo,1
495,talpay,1
496,DavideWalder,1
497,DaniyarM,1
498,Dandandan,1
499,tedyu,1
500,DanBmh,1
501,Dan Becker,1
502,tiferet,1
503,tim riley,1
504,tjrileywisc,1
505,Connor Bracewell,1
506,tobycheese,1
507,Cong,1
508,tpsatish95,1
509,Dmytro Mishkin,1
510,stromnov,1
511,Edson Medina,1
512,strategist333,1
513,Edgar Liberis,1
514,sosoxuc,1
515,soulbliss,1
516,Ed Rogers,1
517,speckhard,1
518,splinter89,1
519,Durgesh Mankekar,1
520,stamate,1
521,DreSimpelo,1
522,staqiuddin,1
523,Dougal Matthews,1
524,Doug Coleman,1
525,Dontloo,1
526,stefangeneralao,1
527,Dominique Maniry,1
528,Dominic Breuker,1
529,DomHudson,1
530,tranvohuy,1
531,treszkai,1
532,ChrisGll,1
533,tykimos,1
534,wuaalb,1
535,Antonie Lin,1
536,xemcerk,1
537,Anner-deJong,1
538,AnishShah,1
539,Anirudh-Swaminathan,1
540,Andrew Docherty,1
541,AmirAlavi,1
542,Aloïs Gruson,1
543,Alex1729,1
544,ASvyatkovskiy,1
545,AIshb,1
546,5ke,1
547,zhangwj618,1
548,3h4,1
549,Álvaro Peris,1
550,望江车神,1
551,webzjuyujun,1
552,ArnoutDevos,1
553,Atcold,1
554,vcarpani,1
555,Chie Hayashida,1
556,Cheukting,1
557,ChWick,1
558,ushakov,1
559,valentindey,1
560,Cassiano Kleinert Casagrande,1
561,vasili-zolotov,1
562,CVxTz,1
563,Baylor Rae,1
564,veniversum,1
565,vfdev,1
566,Burak Benligiray,1
567,BertrandDechoux,1
568,voutcn,1
569,Ben Cook,1
570,wangkechn,1
571,smyskoff,1
572,Elton Viana,1
573,mpt5,1
574,Han Lin,1
575,obsproth,1
576,Haizhou Qu,1
577,Haifeng Jin,1
578,Guy Hadash,1
579,Gunnar Läthén,1
580,Grégory Châtel,1
581,Gregory Morse,1
582,Gregory,1
583,Greg French,1
584,George Hotz,1
585,paulpister,1
586,Georg Wiese,1
587,pavlin99th,1
588,Georg Göri,1
589,pdermyer,1
590,Garrison Jensen,1
591,GalaxyDream,1
592,HaleyWu,1
593,Hannah Vivian Shaw,1
594,slaterb1,1
595,Hao Cheng,1
596,mrTsjolder,1
597,Hoeseong Kim,1
598,Hiroyuki Otomo,1
599,dwillmer,1
600,Hiromichi NOMATA,1
601,nameless-Chatoyant,1
602,native-api,1
603,ndrwnaguib,1
604,nebw,1
605,Hideaki Kanehara,1
606,Hengkai Guo,1
607,Hendrik Schreiber,1
608,nick_artin,1
609,HelgeS,1
610,nikoladze,1
611,Harry Moreno,1
612,nittanycolonial,1
613,Gabriel Bianconi,1
614,GPhilo,1
615,popyy0101,1
616,G K,1
617,Evan Hubinger,1
618,ryan jiang,1
619,sachinprasadhs,1
620,Erik Smistad,1
621,salmituukka,1
622,samuela,1
623,Eric Langlois,1
624,saralajew,1
625,scott-vsi,1
626,Erfan Noury,1
627,seiteta,1
628,seriousran,1
629,shmo,1
630,sjebbara,1
631,Emad El-Haraty,1
632,skrypka,1
633,skwbc,1
634,EyeBool,1
635,Fabian Gröger,1
636,rpinsler,1
637,rapatel0,1
638,Furiously Curious,1
639,purificant,1
640,qin,1
641,Frederico Tommasi Caroli,1
642,r-kellerm,1
643,raelg,1
644,Francisco Facioni,1
645,Francesco G. Brundu,1
646,FancyXun,1
647,Fran,1
648,rejunity,1
649,reynoldscem,1
650,rh314,1
651,FirefoxMetzger,1
652,Filip Wieland,1
653,Felix Sonntag,1
654,eTomate,1
655,Peter Steinbach,1
656,durana,1
657,Thibault Buhet,1
658,Steven Xu,1
659,Su Tang,1
660,Sudeep Raja,1
661,Sungju Kwon,1
662,Tammy Yang,1
663,Taylor Robie,1
664,Ted Yu,1
665,Thang Bui,1
666,Thibault de Boissière,1
667,Todd Gardner,1
668,Thomas A Caswell,1
669,Thomas Jochmann,1
670,Thomas Kipf,1
671,Thomas Pinetz,1
672,Tim Shi,1
673,Tim Zerrell,1
674,TimHo,1
675,Ondřej Filip,1
676,Steven Soloway,1
677,Steven Murr,1
678,Steven Hugg,1
679,Steven,1
680,SolessChong,1
681,Sotiris Lamprinidis,1
682,Soumya Chatterjee,1
683,Spiros Denaxas,1
684,Pankaj Kanwar,1
685,Sri Yogesh K,1
686,Paige Bailey,1
687,Srinivas Reddy Thatiparthy,1
688,Stanislav Volodarskiy,1
689,Stanislaw Jastrzebski,1
690,Stanley Bileschi,1
691,StefOe,1
692,Stefan Schweter,1
693,Stefan Wunsch,1
694,PPACI,1
695,Oswaldo Ludwig,1
696,Stephan Heijl,1
697,TobyPDE,1
698,Tom White,1
699,Pesan Jan,1
700,Y. Shiga,1
701,Ondrej Kokes,1
702,Wouter Dobbels,1
703,Xavier Snelgrove,1
704,Xiao Yang,1
705,Xiaohu Zhu,1
706,Omar Ghoneim,1
707,Xinyi Wang,1
708,Xsh Disney,1
709,Yad Faeq,1
710,Tommi Koivisto,1
711,Yan Facai (颜发才),1
712,Yanush Viktor,1
713,Yash Katariya,1
714,Yasuaki Hamano,1
715,Yeqing Li,1
716,Yong Tang,1
717,Yongsheng Xu,1
718,Yoni Chechik,1
719,WindQAQ,1
720,Weijie Zhang,1
721,Wei Li,1
722,"Wang, Zhiming",1
723,Tomohiro Endo,1
724,Tony Beltramelli,1
725,Utkarsh Upadhyay,1
726,Uwe Schmidt,1
727,Valerio Maggio,1
728,Victor Kovryzhkin,1
729,Victor de Souza,1
730,Vijay Vasudevan,1
731,Vijayabhaskar,1
732,Vimos Tan,1
733,Vinh Khuc,1
734,Vladimir Alekseichenko,1
735,Vladislav Artemyev,1
736,Waleed,1
737,Walt Woods,1
738,Wanasit Tanakitrungruang,1
739,Wang Cheng,1
740,SnowGushiGit,1
741,Parag S. Chandakkar,1
742,Pasha Khosravi,1
743,Ritwik Gupta,1
744,Reiichiro Nakano,1
745,Renbi.YU,1
746,Rich P. I. Lewis,1
747,Richard Higgins,1
748,Richard L. Phillips,1
749,Richard Yu,1
750,Rishikesh,1
751,Pedro Rodriguez,1
752,Robert Grzesik,1
753,Pasquale Minervini,1
754,Robert Sim,1
755,Rodrigo Prado,1
756,Rohan Jain,1
757,Roland Swingler,1
758,Roman Prokofyev,1
759,Pavlos,1
760,Ron Shapiro,1
761,Rong Yuanzhen,1
762,Reid Sanders,1
763,Reid Johnson,1
764,Pedro S,1
765,Ravi Kant Sharma,1
766,Phil Ferriere,1
767,Philip Bachman,1
768,Philip May,1
769,Philip Pham,1
770,Philipp Fischbeck,1
771,Philipp Gross,1
772,Piasy,1
773,PiranjaF,1
774,Prabal Pratap Singh,1
775,Pradeep Dasigi,1
776,Predrag Gruevski,1
777,Qiang Gu,1
778,Quinn Jarrell,1
779,RJ Skerry-Ryan,1
780,Rajath Kumar M P,1
781,Ramon de Oliveira,1
782,Penporn Koanantakool,1
783,Roy Xue,1
784,Rui Shu,1
785,Ruoxin Sang,1
786,SerbanVadineanu,1
787,Sergey Kojoian,1
788,Paul M,1
789,Shadi Akiki,1
790,Shaofan Lai,1
791,Paul Fitzpatrick,1
792,Shashank,1
793,Shaun Harker,1
794,Shawn Choi,1
795,Shijie Wu,1
796,Shikhar Sharma,1
797,Shiv Dhar,1
798,Shota,1
799,Shubham Rao,1
800,Shuhei Iitsuka,1
801,Shusen Liu,1
802,Simon Brugman,1
803,Patrik Erdes,1
804,Sergei Lebedev,1
805,Sebastián Ramírez,1
806,Russ09,1
807,Sebastian N. Fernandez,1
808,Rusty,1
809,Ryan,1
810,Ryo ASAKURA,1
811,Ryohei Kuroki,1
812,RyosukeHonda,1
813,Ryuichi YAMAMOTO,1
814,Sachin Abeywardana,1
815,Sadegh,1
816,Saharkakavand,1
817,Pavel Campr,1
818,Sangeon Park,1
819,Saúl,1
820,Sean Löfgren,1
821,Sean Moriarity,1
822,Sean Sall,1
823,Sebastian Brandes,1
824,Sebastian Höffner,1
825,Olli Huotari,1
826,Yoshihiko Ozaki,1
827,Yu-Yang Huang,1
828,chentingpc,1
829,chardmeier,1
830,charlesbensimon,1
831,Miguel Mendes,1
832,chasebrignac,1
833,chcaru,1
834,Michelle Vivita,1
835,Michal Podhradsky,1
836,chentaMS,1
837,cherryunix,1
838,Mohamed Rashad,1
839,christian-lanius,1
840,Michael R. Kirchner,1
841,Michael Crawford,1
842,Michael Bayer,1
843,clemens-tolboom,1
844,Michael A. Alcorn,1
845,Meng-Yuan Huang,1
846,codekansas,1
847,cgratie,1
848,cengh,1
849,Mihai Maruseac,1
850,Mike Dreves,1
851,Mist,1
852,brettkoonce,1
853,brge17,1
854,Milos,1
855,bryan-lunt,1
856,MiliasV,1
857,bshickel,1
858,Mikhail Korobov,1
859,MikeAmy,1
860,cadurosar,1
861,Mike Solomon,1
862,capybaralet,1
863,Mike Kestemont,1
864,carmineds,1
865,catta202000,1
866,cbentes,1
867,ccgccc,1
868,collin,1
869,colllin,1
870,cosmith,1
871,davidtvs,1
872,davinnovation,1
873,Max Langer,1
874,Max Horn,1
875,decrispell,1
876,deltheil,1
877,denfromufa,1
878,deryrahman,1
879,Matthieu Perrot,1
880,dhaval067,1
881,dibule,1
882,Matthias Plappert,1
883,diggerk,1
884,djstrong,1
885,dmadeka,1
886,Matt Watson,1
887,dschwertfeger,1
888,dsteiner93,1
889,davidvetrano,1
890,davidslac,1
891,Melanie Warrick,1
892,davidariel,1
893,Mehdi Amini,1
894,cyc,1
895,cympfh,1
896,cyrusmaher,1
897,daavoo,1
898,dan-nadler,1
899,Maxim Mikhaylov,1
900,danielS91,1
901,danieldk,1
902,danielegrattarola,1
903,danieljl,1
904,Maxim Grechkin,1
905,danstowell,1
906,daten-kieker,1
907,dathinab,1
908,Max-Pol,1
909,davechallis,1
910,MohamadJaber1,1
911,Monami Sharma,1
912,Yuefeng Zhou,1
913,Nils Werner,1
914,aeftimia,1
915,aesuli,1
916,agalst,1
917,Noam Wies,1
918,agitter,1
919,Noah Stier,1
920,akshaychawla,1
921,al626,1
922,albertvillanova,1
923,bnaul,1
924,aleju,1
925,alexander-rakhlin,1
926,alexantoinefortin,1
927,alexkirsz,1
928,alfasst,1
929,alito,1
930,allanzelener,1
931,Nikita Pokidyshev,1
932,adrianstaniec,1
933,OGordon100,1
934,adammenges,1
935,adamcavendish,1
936,Yujing Zhang,1
937,Yuriy Guts,1
938,Zach Dwiel,1
939,Zach Mayer,1
940,Zafarali Ahmed,1
941,Zhao HG,1
942,Zhen Wang,1
943,Ziheng Jiang,1
944,Zirui Zhuang,1
945,aaditya prakash,1
946,Olivier Philip,1
947,Olivier Grisel,1
948,abhipn,1
949,Oli Lalonde,1
950,23pointsNorth,1
951,acburigo,1
952,Oleg Antonyan,1
953,alreadytaikeune,1
954,alsrgv,1
955,alvarouc,1
956,Nathan Suh,1
957,Namgyu Ho,1
958,askskro,1
959,NC Cullen,1
960,bananabowl,1
961,Murat Ambarkutuk,1
962,basaundi,1
963,Mostafa Abdulhamid,1
964,Morteza Milani,1
965,Moritz Münst,1
966,berkatmaca,1
967,Moritz Kirschte,1
968,Moran,1
969,bhargav,1
970,bixia1,1
971,bizzyvinci,1
972,bjtho08,1
973,bmabey,1
974,arundasan91,1
975,arpit15,1
976,Nihar Gajare,1
977,aronj,1
978,amaotone,1
979,ameasure,1
980,Nigel,1
981,amueller,1
982,Nick Babcock,1
983,andreArtelt,1
984,andreyz4k,1
985,"Nicholas Nadeau, P.Eng., AVS",1
986,anj-s,1
987,Nicholas Dronen,1
988,anth2o,1
989,Nicholas Cullen,1
990,apbard,1
991,apisarek,1
992,arel,1
993,Neutron3529,1
994,arokem,1
995,龚禔,1
